,epoch,train_time,eval_time,train_loss,eval_loss,optimal_eval_loss
0,1,41.63982892036438,0.19700002670288086,0.30469352,0.29566505551338196,0.13727061074083916
1,2,40.007755517959595,0.19700002670288086,0.22757487,0.22240903973579407,0.13727061074083916
2,3,39.981743574142456,0.19900035858154297,0.20784971,0.18859648704528809,0.13727061074083916
3,4,39.89326572418213,0.21003484725952148,0.1750043,0.16829927265644073,0.13727061074083916
